region,feature,label,time,status,httpStatus,body,requestId,source,sourceLine,auditSource,auditResponseLines
cn-north-1,gateway.caller_iam.assumed_role.direct,AssumeRole → Runtime 直接调用,2026-09-29T01:58:46.888018+00:00,PASS,,"{""sum"": 42, ""runtime"": ""gateway-fixture"", ""region"": ""cn-north-1""}",d628f645-56d0-4ef0-9159-e644a1186e0a,cn-north-1-results.jsonl,10,,[]
cn-north-1,gateway.caller_iam.AWS_IAM.runtime-role,AssumeRole / AWS_IAM → Gateway 执行角色,2026-09-29T01:58:50.393635+00:00,PASS,200,"""{\""sum\"": 42, \""runtime\"": \""gateway-fixture\"", \""region\"": \""cn-north-1\""}""","4d984797-a892-4cb2-90fb-e3945407faf3, 23ec9ab7-4b96-4384-ac77-fb0cdaf7752f",cn-north-1-results.jsonl,12,cn-north-1-api-audit.jsonl,[222]
cn-north-1,gateway.caller_iam.AWS_IAM.runtime-caller,AssumeRole / AWS_IAM → 调用者 IAM,2026-09-29T01:58:53.370891+00:00,PASS,200,"""{\""sum\"": 42, \""runtime\"": \""gateway-fixture\"", \""region\"": \""cn-north-1\""}""","88ac57c7-1286-4b9f-b838-1516fd3d95cf, 1704a9f1-b3f8-46dc-ad40-f5a6f296646b",cn-north-1-results.jsonl,13,cn-north-1-api-audit.jsonl,[226]
cn-north-1,gateway.caller_iam.AUTHENTICATE_ONLY.runtime-role,AssumeRole / AUTHENTICATE_ONLY → Gateway 执行角色,2026-09-29T01:59:04.157763+00:00,PASS,200,"""{\""sum\"": 42, \""runtime\"": \""gateway-fixture\"", \""region\"": \""cn-north-1\""}""","92924dd4-0ab0-4baf-b65a-1920f5ea4366, 40fc27fd-3996-4123-b63b-51b2d295c553",cn-north-1-results.jsonl,15,cn-north-1-api-audit.jsonl,[240]
cn-north-1,gateway.caller_iam.AUTHENTICATE_ONLY.runtime-caller,AssumeRole / AUTHENTICATE_ONLY → 调用者 IAM,2026-09-29T01:59:10.470235+00:00,PASS,200,"""{\""sum\"": 42, \""runtime\"": \""gateway-fixture\"", \""region\"": \""cn-north-1\""}""","4c207c1a-f2ec-485e-9e05-f9c2244b2a74, 03e3ac11-f1ff-443e-99b4-dee083cb93c8",cn-north-1-results.jsonl,16,cn-north-1-api-audit.jsonl,[248]
cn-north-1,gateway.outbound.caller_iam.direct_runtime_baseline,GetSessionToken → Runtime 直接调用,2026-09-29T01:59:20.335198+00:00,PASS,,"{""sum"": 42, ""runtime"": ""gateway-fixture"", ""region"": ""cn-north-1""}",3fd531eb-9e73-492c-a386-b4b20ab06329,cn-north-1-results.jsonl,18,,[]
cn-north-1,gateway.outbound.caller_iam.gateway_role_baseline,GetSessionToken → Gateway 执行角色,2026-09-29T01:59:23.989964+00:00,PASS,200,"""{\""sum\"": 42, \""runtime\"": \""gateway-fixture\"", \""region\"": \""cn-north-1\""}""","07cb373c-900c-4abb-9615-7b8e0ea16ccc, a1a76938-80d9-4f60-be91-d8dbdb98f0ca",cn-north-1-results.jsonl,19,cn-north-1-api-audit.jsonl,[254]
cn-north-1,gateway.outbound.caller_iam,GetSessionToken → 调用者 IAM,2026-09-29T01:59:26.898761+00:00,PASS,200,"""{\""sum\"": 42, \""runtime\"": \""gateway-fixture\"", \""region\"": \""cn-north-1\""}""","f98e5c28-3a15-4c0a-9d78-798bcdc8c5fc, 30b54a95-6b76-4594-b169-7d472b908459",cn-north-1-results.jsonl,20,cn-north-1-api-audit.jsonl,[256]
cn-northwest-1,gateway.caller_iam.assumed_role.direct,AssumeRole → Runtime 直接调用,2026-09-29T01:58:50.794556+00:00,PASS,,"{""sum"": 42, ""runtime"": ""gateway-fixture"", ""region"": ""cn-northwest-1""}",4300278d-a4cc-4809-9fa6-49be26de557b,cn-northwest-1-results.jsonl,10,,[]
cn-northwest-1,gateway.caller_iam.AWS_IAM.runtime-role,AssumeRole / AWS_IAM → Gateway 执行角色,2026-09-29T01:58:54.158737+00:00,PASS,200,"""{\""sum\"": 42, \""runtime\"": \""gateway-fixture\"", \""region\"": \""cn-northwest-1\""}""","6d827326-e167-42ee-ade8-7dc9002d450b, 7585b12e-9ac7-456b-aec0-a4a803cf5dbb",cn-northwest-1-results.jsonl,12,cn-northwest-1-api-audit.jsonl,[222]
cn-northwest-1,gateway.caller_iam.AWS_IAM.runtime-caller,AssumeRole / AWS_IAM → 调用者 IAM,2026-09-29T01:58:57.061364+00:00,PASS,200,"""{\""sum\"": 42, \""runtime\"": \""gateway-fixture\"", \""region\"": \""cn-northwest-1\""}""","1546de4c-610d-4ec5-ac94-e4fc31e547fe, 507fa5f8-6ca5-4048-bc04-c69acb958cb8",cn-northwest-1-results.jsonl,13,cn-northwest-1-api-audit.jsonl,[226]
cn-northwest-1,gateway.caller_iam.AUTHENTICATE_ONLY.runtime-role,AssumeRole / AUTHENTICATE_ONLY → Gateway 执行角色,2026-09-29T01:59:08.569928+00:00,PASS,200,"""{\""sum\"": 42, \""runtime\"": \""gateway-fixture\"", \""region\"": \""cn-northwest-1\""}""","dec65a18-6b3b-486a-89ed-dff759ffce1d, 1a77d580-85f9-4f9f-b847-5df94a2e29a2",cn-northwest-1-results.jsonl,15,cn-northwest-1-api-audit.jsonl,[240]
cn-northwest-1,gateway.caller_iam.AUTHENTICATE_ONLY.runtime-caller,AssumeRole / AUTHENTICATE_ONLY → 调用者 IAM,2026-09-29T01:59:15.593255+00:00,PASS,200,"""{\""sum\"": 42, \""runtime\"": \""gateway-fixture\"", \""region\"": \""cn-northwest-1\""}""","cec25052-57c5-4193-b4b1-f6e77db56194, 9776c02b-398b-4c43-90d9-25860fe327b0",cn-northwest-1-results.jsonl,16,cn-northwest-1-api-audit.jsonl,[248]
cn-northwest-1,gateway.outbound.caller_iam.direct_runtime_baseline,GetSessionToken → Runtime 直接调用,2026-09-29T01:59:20.808555+00:00,PASS,,"{""sum"": 42, ""runtime"": ""gateway-fixture"", ""region"": ""cn-northwest-1""}",ea005686-bfdd-417d-b2e8-8a68e5efe7ee,cn-northwest-1-results.jsonl,18,,[]
cn-northwest-1,gateway.outbound.caller_iam.gateway_role_baseline,GetSessionToken → Gateway 执行角色,2026-09-29T01:59:24.524059+00:00,PASS,200,"""{\""sum\"": 42, \""runtime\"": \""gateway-fixture\"", \""region\"": \""cn-northwest-1\""}""","3704bbc0-6ba1-4813-8b6d-7db364827f7f, 6d020096-afc6-4219-ab00-5f81ec47509a",cn-northwest-1-results.jsonl,19,cn-northwest-1-api-audit.jsonl,[254]
cn-northwest-1,gateway.outbound.caller_iam,GetSessionToken → 调用者 IAM,2026-09-29T01:59:26.957011+00:00,PASS,200,"""{\""sum\"": 42, \""runtime\"": \""gateway-fixture\"", \""region\"": \""cn-northwest-1\""}""","5449c32d-d063-436c-9a60-1843f6c6bd14, 678c5bef-2907-4bb0-a9ba-fdfa897ea2b6",cn-northwest-1-results.jsonl,20,cn-northwest-1-api-audit.jsonl,[256]
